feature_dropped,model,n_features_used,impact_accuracy,impact_roc_auc,impact_log_loss,impact_brier,impact_calibration_gap_pp,full_accuracy,drop_accuracy,full_roc_auc,drop_roc_auc,full_log_loss,drop_log_loss,full_brier,drop_brier,full_calibration_gap_pp,drop_calibration_gap_pp,helpfulness_score
return_from_candle_open,7day_logistic_baseline,24,-0.0031625712808548423,0.005333006108355298,-0.001323625713013421,-0.0006308834476834169,1.3547351900460711,0.8004138506648351,0.8035764219456899,0.8877290287798736,0.8823960226715183,0.45214304178541703,0.4508194160724036,0.1444841410242938,0.14385325757661038,24.766703607265363,26.121438797311434,0.01376327756726433
intra_candle_vwap_deviation,7day_logistic_baseline,24,0.0023141724918331885,0.0011061782286139188,0.004467142284618308,0.0018318575718606622,0.20847008173358006,0.8004138506648351,0.7980996781730019,0.8877290287798736,0.8866228505512597,0.45214304178541703,0.45661018407003534,0.1444841410242938,0.14631599859615446,24.766703607265363,24.975173688998943,0.01180405139426188
trend_mean_60s,7day_logistic_baseline,24,0.0005260760100687101,0.0007481271326648109,0.0024171847147954617,0.0009058857071012616,0.07404980075537537,0.8004138506648351,0.7998877746547663,0.8877290287798736,0.8869809016472088,0.45214304178541703,0.4545602265002125,0.1444841410242938,0.14539002673139506,24.766703607265363,24.84075340802074,0.005337771572183998
time_below_open_pct,7day_logistic_baseline,24,0.001300447102147051,0.00033607261245316433,0.0007225876908726336,0.0004836760776994742,0.05977719205804988,0.8004138506648351,0.799113403562688,0.8877290287798736,0.8873929561674204,0.45214304178541703,0.45286562947628967,0.1444841410242938,0.14496781710199327,24.766703607265363,24.826480799323413,0.0034405554037528216
time_in_profit_pct,7day_logistic_baseline,24,0.0007702948851698865,0.00023776395285779461,0.00033379609177502934,0.0003156620376389696,0.041697552189020826,0.8004138506648351,0.7996435557796652,0.8877290287798736,0.8874912648270158,0.45214304178541703,0.45247683787719206,0.1444841410242938,0.14479980306193277,24.766703607265363,24.808401159454384,0.002074492489331888
tick_entropy_10s,7day_logistic_baseline,24,0.00035703902561889933,8.812054376572398e-05,0.0001688999765402932,9.223353329379513e-05,0.007394027619280763,0.8004138506648351,0.8000568116392162,0.8877290287798736,0.8876409082361079,0.45214304178541703,0.4523119417619573,0.1444841410242938,0.1445763745575876,24.766703607265363,24.774097634884644,0.0007802333554115193
log_return_1s,7day_logistic_baseline,24,0.00040454756370156275,4.240466847660329e-06,1.468082777805746e-05,4.107466383684866e-06,-0.002063503640357567,0.8004138506648351,0.8000093031011335,0.8877290287798736,0.8877247883130259,0.45214304178541703,0.4521577226131951,0.1444841410242938,0.14448824849067748,24.766703607265363,24.764640103625005,0.00040694128830738975
kinetic_energy_10s,7day_logistic_baseline,24,0.00027507848473640184,-1.156091163145856e-05,-1.3203314071841277e-05,2.668616332146545e-05,-0.0015263840658299443,0.8004138506648351,0.8001387721800987,0.8877290287798736,0.887740589691505,0.45214304178541703,0.4521298384713452,0.1444841410242938,0.14451082718761527,24.766703607265363,24.765177223199533,0.000261736581696268
tte_high_ratio,7day_logistic_baseline,24,1.4858841010378931e-05,-1.239291814825183e-05,4.71403225604794e-06,-6.143222708254736e-06,-0.001942563529230057,0.8004138506648351,0.8003989918238247,0.8877290287798736,0.8877414216980218,0.45214304178541703,0.4521477558176731,0.1444841410242938,0.14447799780158554,24.766703607265363,24.764761043736133,-1.8388902882380264e-05
dynamic_wick_to_body_ratio,7day_logistic_baseline,24,-1.5333895576064016e-05,-3.2734268101686226e-06,2.1659590108968896e-05,-1.302378479728361e-06,-0.0030335694495775556,0.8004138506648351,0.8004291845604111,0.8877290287798736,0.8877323022066838,0.45214304178541703,0.452164701375526,0.1444841410242938,0.14448283864581407,24.766703607265363,24.763670037815785,-2.858580525276766e-05
tte_range_asymmetry,7day_logistic_baseline,24,2.2460515694877614e-05,-2.339701964670926e-05,-2.9088617802208727e-05,-8.47481222859825e-06,-0.0016592440995140123,0.8004138506648351,0.8003913901491402,0.8877290287798736,0.8877524257995203,0.45214304178541703,0.4521139531676148,0.1444841410242938,0.1444756662120652,24.766703607265363,24.76504436316585,-5.509237497777875e-05
volume,7day_logistic_baseline,24,6.005803425879197e-05,-1.82126951288053e-05,-8.963056897837163e-05,-1.4469967159480568e-05,-9.636478256069836e-05,0.8004138506648351,0.8003537926305763,0.8877290287798736,0.8877472414750024,0.45214304178541703,0.45205341121643866,0.1444841410242938,0.14446967105713432,24.766703607265363,24.766607242482802,-6.321884483347251e-05
micro_price_acceleration,7day_logistic_baseline,24,6.831458677214464e-05,-2.9137966005343685e-05,-7.293652539136497e-05,-2.0916998842102075e-05,-0.0016550691011048002,0.8004138506648351,0.8003455360780629,0.8877290287798736,0.8877581667458789,0.45214304178541703,0.45207010526002567,0.1444841410242938,0.1444632240254517,24.766703607265363,24.765048538164258,-7.12275944777141e-05
tick_continuation_reversal_ratio_20s,7day_logistic_baseline,24,5.012901143186532e-06,-3.256580744537274e-05,-4.087871960961609e-05,-1.3283964753724176e-05,-0.003722281362477986,0.8004138506648351,0.8004088377636919,0.8877290287798736,0.887761594587319,0.45214304178541703,0.4521021630658074,0.1444841410242938,0.14447085705954008,24.766703607265363,24.762981325902885,-0.00011893840429030633
vwap,7day_logistic_baseline,24,-1.9273813847697774e-05,-1.1208734568834977e-05,-6.222297826025125e-05,-2.1969655362497065e-05,-0.001153200937480392,0.8004138506648351,0.8004331244786828,0.8877290287798736,0.8877402375144424,0.45214304178541703,0.4520808188071568,0.1444841410242938,0.1444621713689313,24.766703607265363,24.765550406327883,-0.00012620719141408497
micro_acceleration_decay_15s,7day_logistic_baseline,24,2.954616902406393e-05,-3.038995531179367e-05,-8.827595352167705e-05,-2.6761703099814627e-05,-0.002302382803350156,0.8004138506648351,0.800384304495811,0.8877290287798736,0.8877594187351854,0.45214304178541703,0.45205476583189536,0.1444841410242938,0.14445737932119398,24.766703607265363,24.764401224462013,-0.000138905270942723
seconds_to_5m_close,7day_logistic_baseline,24,-4.7505456568508464e-07,-1.6451654152649375e-05,-0.00010470852015759258,-2.940317080191157e-05,-0.0004140484528960542,0.8004138506648351,0.8004143257194007,0.8877290287798736,0.8877454804340262,0.45214304178541703,0.45203833326525944,0.1444841410242938,0.1444547378534919,24.766703607265363,24.766289558812467,-0.00015517888420679915
fraction_of_candle_elapsed,7day_logistic_baseline,24,-4.7505456568508464e-07,-1.6451654152649375e-05,-0.0001047085382134827,-2.9403174620828976e-05,-0.0004140479722281043,0.8004138506648351,0.8004143257194007,0.8877290287798736,0.8877454804340262,0.45214304178541703,0.45203833324720355,0.1444841410242938,0.14445473784967297,24.766703607265363,24.766289559293135,-0.00015517890127492718
tte_low_ratio,7day_logistic_baseline,24,-4.899149586856666e-05,-2.2017683696695656e-05,-5.615453090096478e-05,-1.7229409611713153e-05,-0.001408892647390303,0.8004138506648351,0.8004628421607036,0.8877290287798736,0.8877510464635703,0.45214304178541703,0.45208688725451607,0.1444841410242938,0.1444669116146821,24.766703607265363,24.765294714617973,-0.0001584820465518433
number_of_trades,7day_logistic_baseline,24,0.00014704952749866607,-5.9472285835582284e-05,-0.00016107412691562795,-4.339445563628086e-05,-0.004711505111053782,0.8004138506648351,0.8002668011373364,0.8877290287798736,0.8877885010657092,0.45214304178541703,0.4519819676585014,0.1444841410242938,0.14444074656865752,24.766703607265363,24.76199210215431,-0.00016400639199936284
close,7day_logistic_baseline,24,-3.4132654858076705e-05,-1.929539511946743e-05,-7.019285202553016e-05,-2.713797515632721e-05,-0.0020408368258273413,0.8004138506648351,0.8004479833196931,0.8877290287798736,0.887748324174993,0.45214304178541703,0.4520728489333915,0.1444841410242938,0.14445700304913747,24.766703607265363,24.764662770439536,-0.0001711672454176749
inst_vol_60s,7day_logistic_baseline,24,-1.4785244326187552e-05,-2.9806467463977526e-05,-9.196969132768684e-05,-3.147139229539575e-05,-0.0025716365068895186,0.8004138506648351,0.8004286359091612,0.8877290287798736,0.8877588352473376,0.45214304178541703,0.45205107209408935,0.1444841410242938,0.1444526696319984,24.766703607265363,24.764131970758473,-0.00019374916048214285
inst_vol_60s_bps,7day_logistic_baseline,24,-1.4785244326187552e-05,-2.9806467463977526e-05,-9.19697001948161e-05,-3.147139416859179e-05,-0.0025716362710141993,0.8004138506648351,0.8004286359091612,0.8877290287798736,0.8877588352473376,0.45214304178541703,0.4520510720852222,0.1444841410242938,0.1444526696301252,24.766703607265363,24.76413197099435,-0.00019374916886371495
buy_volume_ratio,7day_logistic_baseline,24,0.00019568884254139718,-0.00013899551277141153,-0.00019268166113040053,-8.430786631524745e-05,-0.009699016614096223,0.8004138506648351,0.8002181618222937,0.8877290287798736,0.887868024292645,0.45214304178541703,0.45195036012428663,0.1444841410242938,0.14439983315797855,24.766703607265363,24.757004590651267,-0.00031728636381662457
trend_zscore,7day_logistic_baseline,24,-0.0004951219920337202,-6.210746150425717e-05,0.0007911649077943506,0.00020761578742267695,-0.0862045699131464,0.8004138506648351,0.8009089726568688,0.8877290287798736,0.8877911362413778,0.45214304178541703,0.4529342066932114,0.1444841410242938,0.14469175681171648,24.766703607265363,24.680499037352217,-0.00042049445745241394
intra_candle_vwap_deviation,7day_logistic_enhanced,24,0.0014285916121391518,0.0012181955520097487,0.0037509163801496825,0.0011077089170290488,0.1759543327036006,0.7979402765407094,0.7965116849285703,0.8806599777879717,0.8794417822359619,0.5069188268361688,0.5106697432163185,0.14624646561323726,0.1473541745302663,25.91537202083914,26.09132635354274,0.009264955788363638
tick_entropy_10s,7day_logistic_enhanced,24,0.0007560169459547295,0.0004598678199679851,0.002106270403943955,0.00015047294667003275,0.01908912491520809,0.7979402765407094,0.7971842595947547,0.8806599777879717,0.8802001099680037,0.5069188268361688,0.5090250972401128,0.14624646561323726,0.1463969385599073,25.91537202083914,25.934461145754348,0.003663519365688783
micro_price_acceleration,7day_logistic_enhanced,24,0.00025945122334936066,0.0002589947863065323,0.0005014289195033328,0.00010474690750528204,0.011506093139974638,0.7979402765407094,0.7976808253173601,0.8806599777879717,0.8804009830016651,0.5069188268361688,0.5074202557556722,0.14624646561323726,0.14635121252074254,25.91537202083914,25.926878113979114,0.001239682768064254
micro_acceleration_decay_15s,7day_logistic_enhanced,24,0.0002971223385973554,0.00010386995674593891,0.00042862469660431834,4.2643948055837155e-05,0.003983871050390775,0.7979402765407094,0.7976431542021121,0.8806599777879717,0.8805561078312257,0.5069188268361688,0.5073474515327732,0.14624646561323726,0.1462891095612931,25.91537202083914,25.91935589188953,0.0009120996505073575
vwap,7day_logistic_enhanced,24,0.0003020123660003593,0.00014744844073677488,4.6621695912407723e-05,1.9136743905134868e-05,0.0028246510591678486,0.7979402765407094,0.7976382641747091,0.8806599777879717,0.8805125293472349,0.5069188268361688,0.5069654485320813,0.14624646561323726,0.1462656023571424,25.91537202083914,25.918196671898308,0.0005434657571463553
tte_range_asymmetry,7day_logistic_enhanced,24,0.00032489968013127424,-2.7279425793502732e-05,0.00018989346530640105,2.3472849970590515e-05,0.0019401295254191098,0.7979402765407094,0.7976153768605782,0.8806599777879717,0.8806872572137652,0.5069188268361688,0.5071087203014752,0.14624646561323726,0.14626993846320785,25.91537202083914,25.91731215036456,0.0005303878648689541
close,7day_logistic_enhanced,24,0.0003020123660003593,0.0001232565319336798,5.296443055280431e-05,1.807921602497986e-05,0.0015593257561832274,0.7979402765407094,0.7976382641747091,0.8806599777879717,0.880536721256038,0.5069188268361688,0.5069717912667216,0.14624646561323726,0.14626454482926224,25.91537202083914,25.916931346595323,0.0005119058020736555
number_of_trades,7day_logistic_enhanced,24,0.00024685705980576067,0.0001442852784462323,-3.939413433562411e-05,8.285250216372164e-06,0.0008210833703650167,0.7979402765407094,0.7976934194809037,0.8806599777879717,0.8805156925095254,0.5069188268361688,0.5068794327018332,0.14624646561323726,0.14625475086345363,25.91537202083914,25.916193104209505,0.00036824428783639116
volume,7day_logistic_enhanced,24,0.00011653808454670234,2.463425265819552e-05,-1.0264592338771195e-05,5.1021612138019146e-05,0.007535715587692948,0.7979402765407094,0.7978237384561627,0.8806599777879717,0.8806353435353135,0.5069188268361688,0.5069085622438301,0.14624646561323726,0.14629748722537528,25.91537202083914,25.922907736426833,0.0002572865128810753
dynamic_wick_to_body_ratio,7day_logistic_enhanced,24,0.00017348301364239482,-2.5995235105602532e-05,8.484367820005279e-05,-8.005562561169688e-06,0.002175307357077827,0.7979402765407094,0.797766793527067,0.8806599777879717,0.8806859730230773,0.5069188268361688,0.5070036705143689,0.14624646561323726,0.1462384600506761,25.91537202083914,25.917547328196218,0.00024607896774645366
fraction_of_candle_elapsed,7day_logistic_enhanced,24,1.4987603814686778e-06,9.648619749003107e-05,6.413862454557329e-05,1.0322296362247352e-05,-0.0011342052798006819,0.7979402765407094,0.797938777780328,0.8806599777879717,0.8805634915904816,0.5069188268361688,0.5069829654607144,0.14624646561323726,0.1462567879095995,25.91537202083914,25.91423781555934,0.00016110382598131357
seconds_to_5m_close,7day_logistic_enhanced,24,1.4987603814686778e-06,9.648619749003107e-05,6.413862451193353e-05,1.0322296360720795e-05,-0.001134205279935685,0.7979402765407094,0.797938777780328,0.8806599777879717,0.8805634915904816,0.5069188268361688,0.5069829654606808,0.14624646561323726,0.14625678790959798,25.91537202083914,25.914237815559204,0.0001611038259447972
tte_high_ratio,7day_logistic_enhanced,24,8.33057148041938e-06,-1.618416436033332e-05,8.854827527882136e-05,3.013537101656527e-05,0.0026906147647700607,0.7979402765407094,0.797931945969229,0.8806599777879717,0.880676161952332,0.5069188268361688,0.5070073751114477,0.14624646561323726,0.14627660098425382,25.91537202083914,25.91806263560391,0.0001377362010631733
inst_vol_60s,7day_logistic_enhanced,24,0.00010239940778300483,6.051524876637959e-05,-0.00013526566052213251,2.4855029666565054e-05,0.004295743607531932,0.7979402765407094,0.7978378771329264,0.8806599777879717,0.8805994625392053,0.5069188268361688,0.5067835611756467,0.14624646561323726,0.14627132064290382,25.91537202083914,25.91966776444667,9.546146176913627e-05
inst_vol_60s_bps,7day_logistic_enhanced,24,0.00010239940778300483,6.051524876637959e-05,-0.00013526566052468603,2.4855029665732387e-05,0.004295743607521274,0.7979402765407094,0.7978378771329264,0.8806599777879717,0.8805994625392053,0.5069188268361688,0.5067835611756442,0.14624646561323726,0.146271320642903,25.91537202083914,25.91966776444666,9.546146176564352e-05
tte_low_ratio,7day_logistic_enhanced,24,0.0004208200954405328,-0.00013153107391317143,-0.0002344823277224961,1.0631495634128019e-05,0.0013480752080567981,0.7979402765407094,0.7975194564452689,0.8806599777879717,0.8807915088618848,0.5069188268361688,0.5066843445084463,0.14624646561323726,0.1462570971088714,25.91537202083914,25.916720096047197,7.891894151956124e-05
tick_continuation_reversal_ratio_20s,7day_logistic_enhanced,24,-0.000831985754011888,-2.938993347512131e-05,0.0008227759341246088,2.3872750017001065e-05,-0.0016159029813067605,0.7979402765407094,0.7987722622947213,0.8806599777879717,0.8806893677214468,0.5069188268361688,0.5077416027702935,0.14624646561323726,0.14627033836325426,25.91537202083914,25.913756117857833,-3.088603315846705e-05
buy_volume_ratio,7day_logistic_enhanced,24,-0.0004886162233508351,-0.0003555280951272888,0.0005317165996785445,-0.0001688726844312205,-0.03417211298267375,0.7979402765407094,0.7984288927640603,0.8806599777879717,0.881015505883099,0.5069188268361688,0.5074505434358474,0.14624646561323726,0.14607759292880604,25.91537202083914,25.881199907856466,-0.0008230215330575375
kinetic_energy_10s,7day_logistic_enhanced,24,-0.0008294383303868447,0.00010084262522269682,-0.0003429819481244323,1.885335022122625e-05,0.0056136442027217015,0.7979402765407094,0.7987697148710963,0.8806599777879717,0.880559135162749,0.5069188268361688,0.5065758448880444,0.14624646561323726,0.14626531896345848,25.91537202083914,25.92098566504186,-0.000996587861040137
log_return_1s,7day_logistic_enhanced,24,0.0005092229615617505,-0.0001261034367995295,-0.004771913694985308,-5.188699322519752e-05,0.03605362882402119,0.7979402765407094,0.7974310535791477,0.8806599777879717,0.8807860812247712,0.5069188268361688,0.5021469131411835,0.14624646561323726,0.14619457862001206,25.91537202083914,25.95142564966316,-0.004080144875208073
time_below_open_pct,7day_logistic_enhanced,24,0.0006581014287758702,0.0002532239172451378,-0.008650500523861182,0.00013093413517537011,0.11688177816329315,0.7979402765407094,0.7972821751119336,0.8806599777879717,0.8804067538707265,0.5069188268361688,0.49826832631230766,0.14624646561323726,0.14637739974841263,25.91537202083914,26.032253799002433,-0.006439423261031873
time_in_profit_pct,7day_logistic_enhanced,24,-7.081651600882033e-05,0.00027727815534395184,-0.008627023911952969,3.69620799021142e-05,0.08619012010695926,0.7979402765407094,0.7980110930567182,0.8806599777879717,0.8803826996326277,0.5069188268361688,0.4982918029242159,0.14624646561323726,0.14628342769313937,25.91537202083914,26.0015621409461,-0.007521698991646131
trend_zscore,7day_logistic_enhanced,24,-0.00023337526102951145,-0.0004741030749583208,-0.016005674611662857,-0.00010707365951523329,0.023718090224981836,0.7979402765407094,0.7981736518017389,0.8806599777879717,0.88113408086293,0.5069188268361688,0.490913152224506,0.14624646561323726,0.14613939195372203,25.91537202083914,25.93909011106412,-0.016583045704916102
trend_mean_60s,7day_logistic_enhanced,24,0.0008246670040562565,9.0129346222656e-05,-0.02558350547588606,0.0006656344682996473,0.23158181899114183,0.7979402765407094,0.7971156095366532,0.8806599777879717,0.880569848441749,0.5069188268361688,0.4813353213602828,0.14624646561323726,0.1469121000815369,25.91537202083914,26.14695383983028,-0.021687256467396082
return_from_candle_open,7day_logistic_enhanced,24,-0.002477175914223806,-0.000130334675651822,-0.040847375975843314,-0.0005669007976148721,0.4010912310836261,0.7979402765407094,0.8004174524549332,0.8806599777879717,0.8807903124636235,0.5069188268361688,0.46607145086032553,0.14624646561323726,0.1456795648156224,25.91537202083914,26.316463251922766,-0.04001087505249755
