subset_rank_key,subset_size,subset_features,model,accuracy_mean,roc_auc_mean,log_loss_mean,brier_mean,calibration_gap_pp_mean,n_splits
intra_candle_vwap_deviation,1,intra_candle_vwap_deviation,7day_logistic_baseline,0.7608187134502924,0.8375939298302788,0.5014985057814861,0.1632675402420691,30.86268745958935,1
intra_candle_vwap_deviation,1,intra_candle_vwap_deviation,7day_logistic_enhanced,0.7635233918128655,0.8418062571288903,0.48859958927283786,0.16119108768803003,31.740962989574573,1
intra_candle_vwap_deviation,1,intra_candle_vwap_deviation,polymarket,0.8140350877192982,0.9044599409963723,0.3867321282203763,0.12612084260757303,26.52058958687828,1
tick_entropy_10s,1,tick_entropy_10s,7day_logistic_baseline,0.4722222222222222,0.5739451386327967,0.6938617728847237,0.25035727943675634,50.03195299639766,1
tick_entropy_10s,1,tick_entropy_10s,7day_logistic_enhanced,0.4722222222222222,0.5122288556040582,0.6957199885390981,0.25128578818177444,50.097392295785156,1
tick_entropy_10s,1,tick_entropy_10s,polymarket,0.8140350877192982,0.9044599409963723,0.3867321282203763,0.12612084260757303,26.52058958687828,1
micro_price_acceleration,1,micro_price_acceleration,7day_logistic_baseline,0.4722222222222222,0.49773798701577143,0.6938987734945696,0.25037577693488344,50.03386295660499,1
micro_price_acceleration,1,micro_price_acceleration,7day_logistic_enhanced,0.4726608187134503,0.4947374531530063,0.6992410604365892,0.25214312579366815,50.12345917483266,1
micro_price_acceleration,1,micro_price_acceleration,polymarket,0.8140350877192982,0.9044599409963723,0.3867321282203763,0.12612084260757303,26.52058958687828,1
micro_acceleration_decay_15s,1,micro_acceleration_decay_15s,7day_logistic_baseline,0.4722222222222222,0.5022367563441764,0.6939001512542246,0.25037646588357954,50.03391239435636,1
micro_acceleration_decay_15s,1,micro_acceleration_decay_15s,7day_logistic_enhanced,0.4735380116959064,0.4922241173040145,0.6992483969585337,0.2525632499940001,50.13671858190026,1
micro_acceleration_decay_15s,1,micro_acceleration_decay_15s,polymarket,0.8140350877192982,0.9044599409963723,0.3867321282203763,0.12612084260757303,26.52058958687828,1
tte_range_asymmetry,1,tte_range_asymmetry,7day_logistic_baseline,0.7904239766081871,0.8545872962102176,0.4664821904981785,0.152085879896657,31.460799524050113,1
tte_range_asymmetry,1,tte_range_asymmetry,7day_logistic_enhanced,0.7904239766081871,0.8547037168855003,0.47081560386027044,0.1531342556486195,31.021004622756205,1
tte_range_asymmetry,1,tte_range_asymmetry,polymarket,0.8140350877192982,0.9044599409963723,0.3867321282203763,0.12612084260757303,26.52058958687828,1
vwap,1,vwap,7day_logistic_baseline,0.4989598811292719,0.521522477182198,0.6913555662797685,0.2491079464916136,49.83354800223605,1
vwap,1,vwap,7day_logistic_enhanced,0.47570579494799403,0.4997154749227362,1.163402685019684,0.26940700274218254,49.91353515455947,1
vwap,1,vwap,polymarket,0.8149331352154532,0.9055702218651295,0.38480867250724216,0.12539476623978618,26.401542722955607,1
intra_candle_vwap_deviation+tick_entropy_10s,2,intra_candle_vwap_deviation+tick_entropy_10s,7day_logistic_baseline,0.7614035087719299,0.8375574599281322,0.501577378604643,0.16328279789291988,30.86451637169499,1
intra_candle_vwap_deviation+tick_entropy_10s,2,intra_candle_vwap_deviation+tick_entropy_10s,7day_logistic_enhanced,0.7636695906432749,0.8417854171848066,0.48861354346136415,0.16119538553370716,31.742729993315557,1
intra_candle_vwap_deviation+tick_entropy_10s,2,intra_candle_vwap_deviation+tick_entropy_10s,polymarket,0.8140350877192982,0.9044599409963723,0.3867321282203763,0.12612084260757303,26.52058958687828,1
intra_candle_vwap_deviation+micro_price_acceleration,2,intra_candle_vwap_deviation+micro_price_acceleration,7day_logistic_baseline,0.7609649122807017,0.8375835527387803,0.5014809696324145,0.16326273614264503,30.861800493559794,1
intra_candle_vwap_deviation+micro_price_acceleration,2,intra_candle_vwap_deviation+micro_price_acceleration,7day_logistic_enhanced,0.7638888888888888,0.8418173417493547,0.4885848314546491,0.16118657433128342,31.740255975134435,1
intra_candle_vwap_deviation+micro_price_acceleration,2,intra_candle_vwap_deviation+micro_price_acceleration,polymarket,0.8140350877192982,0.9044599409963723,0.3867321282203763,0.12612084260757303,26.52058958687828,1
intra_candle_vwap_deviation+micro_acceleration_decay_15s,2,intra_candle_vwap_deviation+micro_acceleration_decay_15s,7day_logistic_baseline,0.7609649122807017,0.8375840887455726,0.5014802254919456,0.16326252549910403,30.86171471087426,1
intra_candle_vwap_deviation+micro_acceleration_decay_15s,2,intra_candle_vwap_deviation+micro_acceleration_decay_15s,7day_logistic_enhanced,0.7638157894736842,0.84181766335343,0.4885852244174801,0.16118552284687185,31.739832358300035,1
intra_candle_vwap_deviation+micro_acceleration_decay_15s,2,intra_candle_vwap_deviation+micro_acceleration_decay_15s,polymarket,0.8140350877192982,0.9044599409963723,0.3867321282203763,0.12612084260757303,26.52058958687828,1
intra_candle_vwap_deviation+tte_range_asymmetry,2,intra_candle_vwap_deviation+tte_range_asymmetry,7day_logistic_baseline,0.803654970760234,0.8787467946793823,0.4289584421228445,0.13830959057323627,27.72233026484435,1
intra_candle_vwap_deviation+tte_range_asymmetry,2,intra_candle_vwap_deviation+tte_range_asymmetry,7day_logistic_enhanced,0.8045321637426901,0.881836959597952,0.42866091533066386,0.1375308250358664,27.895959722504806,1
intra_candle_vwap_deviation+tte_range_asymmetry,2,intra_candle_vwap_deviation+tte_range_asymmetry,polymarket,0.8140350877192982,0.9044599409963723,0.3867321282203763,0.12612084260757303,26.52058958687828,1
intra_candle_vwap_deviation+vwap,2,intra_candle_vwap_deviation+vwap,7day_logistic_baseline,0.7622585438335809,0.8395737550641278,0.4984641747378944,0.16193693234618325,30.60168944371834,1
intra_candle_vwap_deviation+vwap,2,intra_candle_vwap_deviation+vwap,7day_logistic_enhanced,0.7664190193164934,0.8440578065152422,0.48529921161225925,0.15986848675071502,31.508331311098775,1
intra_candle_vwap_deviation+vwap,2,intra_candle_vwap_deviation+vwap,polymarket,0.8149331352154532,0.9055702218651295,0.38480867250724216,0.12539476623978618,26.401542722955607,1
tick_entropy_10s+micro_price_acceleration,2,tick_entropy_10s+micro_price_acceleration,7day_logistic_baseline,0.4722222222222222,0.5326433603766627,0.6938644366969461,0.250358611468597,50.03208320854626,1
tick_entropy_10s+micro_price_acceleration,2,tick_entropy_10s+micro_price_acceleration,7day_logistic_enhanced,0.4722222222222222,0.5122333366208416,0.6957199872043429,0.2512857875148532,50.097392222408196,1
tick_entropy_10s+micro_price_acceleration,2,tick_entropy_10s+micro_price_acceleration,polymarket,0.8140350877192982,0.9044599409963723,0.3867321282203763,0.12612084260757303,26.52058958687828,1
tick_entropy_10s+micro_acceleration_decay_15s,2,tick_entropy_10s+micro_acceleration_decay_15s,7day_logistic_baseline,0.4722222222222222,0.5207315313499653,0.6938651044779411,0.2503589459452212,50.03208348010971,1
tick_entropy_10s+micro_acceleration_decay_15s,2,tick_entropy_10s+micro_acceleration_decay_15s,7day_logistic_enhanced,0.4722222222222222,0.512192074817972,0.6957170392000045,0.2512843159670876,50.09730622107158,1
tick_entropy_10s+micro_acceleration_decay_15s,2,tick_entropy_10s+micro_acceleration_decay_15s,polymarket,0.8140350877192982,0.9044599409963723,0.3867321282203763,0.12612084260757303,26.52058958687828,1
tick_entropy_10s+tte_range_asymmetry,2,tick_entropy_10s+tte_range_asymmetry,7day_logistic_baseline,0.7904239766081871,0.854711864188743,0.4666885772377721,0.15215249688660687,31.472836792323633,1
tick_entropy_10s+tte_range_asymmetry,2,tick_entropy_10s+tte_range_asymmetry,7day_logistic_enhanced,0.7904239766081871,0.8547337011054604,0.4707778208287826,0.15311976693582444,31.019459955956325,1
tick_entropy_10s+tte_range_asymmetry,2,tick_entropy_10s+tte_range_asymmetry,polymarket,0.8140350877192982,0.9044599409963723,0.3867321282203763,0.12612084260757303,26.52058958687828,1
tick_entropy_10s+vwap,2,tick_entropy_10s+vwap,7day_logistic_baseline,0.48187221396731056,0.5013865131415802,0.6929254667210304,0.24989015259499395,49.930996184954054,1
tick_entropy_10s+vwap,2,tick_entropy_10s+vwap,7day_logistic_enhanced,0.47340267459138186,0.5072653031781256,0.6955171829850169,0.2511844289158852,50.088897403049806,1
tick_entropy_10s+vwap,2,tick_entropy_10s+vwap,polymarket,0.8149331352154532,0.9055702218651295,0.38480867250724216,0.12539476623978618,26.401542722955607,1
micro_price_acceleration+micro_acceleration_decay_15s,2,micro_price_acceleration+micro_acceleration_decay_15s,7day_logistic_baseline,0.4722222222222222,0.5023759680282669,0.6939003017067292,0.25037654094867234,50.03392345550731,1
micro_price_acceleration+micro_acceleration_decay_15s,2,micro_price_acceleration+micro_acceleration_decay_15s,7day_logistic_enhanced,0.47346491228070176,0.4921677722700102,0.6991289247417264,0.2525138272977711,50.13309892636207,1
micro_price_acceleration+micro_acceleration_decay_15s,2,micro_price_acceleration+micro_acceleration_decay_15s,polymarket,0.8140350877192982,0.9044599409963723,0.3867321282203763,0.12612084260757303,26.52058958687828,1
micro_price_acceleration+tte_range_asymmetry,2,micro_price_acceleration+tte_range_asymmetry,7day_logistic_baseline,0.7904239766081871,0.8548057404183426,0.46647745487804837,0.1520845204162032,31.460698816153513,1
micro_price_acceleration+tte_range_asymmetry,2,micro_price_acceleration+tte_range_asymmetry,7day_logistic_enhanced,0.7904239766081871,0.8547251571571916,0.4708120145840614,0.15313288918579207,31.021070350844433,1
micro_price_acceleration+tte_range_asymmetry,2,micro_price_acceleration+tte_range_asymmetry,polymarket,0.8140350877192982,0.9044599409963723,0.3867321282203763,0.12612084260757303,26.52058958687828,1
micro_price_acceleration+vwap,2,micro_price_acceleration+vwap,7day_logistic_baseline,0.500445765230312,0.5227376730376548,0.6913566250501644,0.24910846075182436,49.83369533014477,1
micro_price_acceleration+vwap,2,micro_price_acceleration+vwap,7day_logistic_enhanced,0.47340267459138186,0.5041524431804494,0.6955199998531689,0.2511858353882943,50.08904341313022,1
micro_price_acceleration+vwap,2,micro_price_acceleration+vwap,polymarket,0.8149331352154532,0.9055702218651295,0.38480867250724216,0.12539476623978618,26.401542722955607,1
micro_acceleration_decay_15s+tte_range_asymmetry,2,micro_acceleration_decay_15s+tte_range_asymmetry,7day_logistic_baseline,0.7904239766081871,0.8546823838151677,0.466480186600253,0.15208581547561337,31.460884328471682,1
micro_acceleration_decay_15s+tte_range_asymmetry,2,micro_acceleration_decay_15s+tte_range_asymmetry,7day_logistic_enhanced,0.7904239766081871,0.854695205097639,0.4708107986493335,0.15313223992209352,31.019530482047326,1
micro_acceleration_decay_15s+tte_range_asymmetry,2,micro_acceleration_decay_15s+tte_range_asymmetry,polymarket,0.8140350877192982,0.9044599409963723,0.3867321282203763,0.12612084260757303,26.52058958687828,1
micro_acceleration_decay_15s+vwap,2,micro_acceleration_decay_15s+vwap,7day_logistic_baseline,0.500445765230312,0.5229428995223177,0.6913611592454414,0.2491107131607413,49.83392449014302,1
micro_acceleration_decay_15s+vwap,2,micro_acceleration_decay_15s+vwap,7day_logistic_enhanced,0.47340267459138186,0.5042441076152864,0.6955225451286737,0.2511871073096713,50.08913168982845,1
micro_acceleration_decay_15s+vwap,2,micro_acceleration_decay_15s+vwap,polymarket,0.8149331352154532,0.9055702218651295,0.38480867250724216,0.12539476623978618,26.401542722955607,1
tte_range_asymmetry+vwap,2,tte_range_asymmetry+vwap,7day_logistic_baseline,0.7919019316493313,0.8596329003229423,0.46497159036673763,0.1513639484877777,31.1772237315274,1
tte_range_asymmetry+vwap,2,tte_range_asymmetry+vwap,7day_logistic_enhanced,0.7919019316493313,0.8568429360463881,0.46961400755551497,0.15249008677833256,30.70479017365883,1
tte_range_asymmetry+vwap,2,tte_range_asymmetry+vwap,polymarket,0.8149331352154532,0.9055702218651295,0.38480867250724216,0.12539476623978618,26.401542722955607,1
intra_candle_vwap_deviation+tick_entropy_10s+micro_price_acceleration,3,intra_candle_vwap_deviation+tick_entropy_10s+micro_price_acceleration,7day_logistic_baseline,0.7613304093567251,0.8375453676148984,0.5015585842721945,0.16327756720349298,30.863607639823815,1
intra_candle_vwap_deviation+tick_entropy_10s+micro_price_acceleration,3,intra_candle_vwap_deviation+tick_entropy_10s+micro_price_acceleration,7day_logistic_enhanced,0.7636695906432749,0.8417978954229308,0.4885978636894516,0.16119061767890636,31.74200335488761,1
intra_candle_vwap_deviation+tick_entropy_10s+micro_price_acceleration,3,intra_candle_vwap_deviation+tick_entropy_10s+micro_price_acceleration,polymarket,0.8140350877192982,0.9044599409963723,0.3867321282203763,0.12612084260757303,26.52058958687828,1
intra_candle_vwap_deviation+tick_entropy_10s+micro_acceleration_decay_15s,3,intra_candle_vwap_deviation+tick_entropy_10s+micro_acceleration_decay_15s,7day_logistic_baseline,0.7613304093567251,0.8375497843108668,0.501554285027941,0.1632766050601992,30.86343653159603,1
intra_candle_vwap_deviation+tick_entropy_10s+micro_acceleration_decay_15s,3,intra_candle_vwap_deviation+tick_entropy_10s+micro_acceleration_decay_15s,7day_logistic_enhanced,0.7637426900584795,0.8418014330677599,0.48859642838559353,0.16118896581677827,31.741441361946833,1
intra_candle_vwap_deviation+tick_entropy_10s+micro_acceleration_decay_15s,3,intra_candle_vwap_deviation+tick_entropy_10s+micro_acceleration_decay_15s,polymarket,0.8140350877192982,0.9044599409963723,0.3867321282203763,0.12612084260757303,26.52058958687828,1
intra_candle_vwap_deviation+tick_entropy_10s+tte_range_asymmetry,3,intra_candle_vwap_deviation+tick_entropy_10s+tte_range_asymmetry,7day_logistic_baseline,0.803654970760234,0.8786687735306983,0.4290819490233631,0.13835330725309647,27.72745233530369,1
intra_candle_vwap_deviation+tick_entropy_10s+tte_range_asymmetry,3,intra_candle_vwap_deviation+tick_entropy_10s+tte_range_asymmetry,7day_logistic_enhanced,0.8045321637426901,0.8818867439088188,0.42858355583159635,0.13749984626975714,27.893660085211142,1
intra_candle_vwap_deviation+tick_entropy_10s+tte_range_asymmetry,3,intra_candle_vwap_deviation+tick_entropy_10s+tte_range_asymmetry,polymarket,0.8140350877192982,0.9044599409963723,0.3867321282203763,0.12612084260757303,26.52058958687828,1
intra_candle_vwap_deviation+tick_entropy_10s+vwap,3,intra_candle_vwap_deviation+tick_entropy_10s+vwap,7day_logistic_baseline,0.7618127786032689,0.8395103649006161,0.4985987760430788,0.1619652786472497,30.605119849854773,1
intra_candle_vwap_deviation+tick_entropy_10s+vwap,3,intra_candle_vwap_deviation+tick_entropy_10s+vwap,7day_logistic_enhanced,0.7657503714710253,0.843979072522421,0.4853595439559565,0.1598899000393542,31.512722576907322,1
intra_candle_vwap_deviation+tick_entropy_10s+vwap,3,intra_candle_vwap_deviation+tick_entropy_10s+vwap,polymarket,0.8149331352154532,0.9055702218651295,0.38480867250724216,0.12539476623978618,26.401542722955607,1
intra_candle_vwap_deviation+micro_price_acceleration+micro_acceleration_decay_15s,3,intra_candle_vwap_deviation+micro_price_acceleration+micro_acceleration_decay_15s,7day_logistic_baseline,0.7609649122807017,0.8375856110048625,0.5014810208046904,0.16326281404410511,30.86174286081475,1
intra_candle_vwap_deviation+micro_price_acceleration+micro_acceleration_decay_15s,3,intra_candle_vwap_deviation+micro_price_acceleration+micro_acceleration_decay_15s,7day_logistic_enhanced,0.7638157894736842,0.8418172988688113,0.4885878257647801,0.16118641034740588,31.73973509927606,1
intra_candle_vwap_deviation+micro_price_acceleration+micro_acceleration_decay_15s,3,intra_candle_vwap_deviation+micro_price_acceleration+micro_acceleration_decay_15s,polymarket,0.8140350877192982,0.9044599409963723,0.3867321282203763,0.12612084260757303,26.52058958687828,1
intra_candle_vwap_deviation+micro_price_acceleration+tte_range_asymmetry,3,intra_candle_vwap_deviation+micro_price_acceleration+tte_range_asymmetry,7day_logistic_baseline,0.8033625730994152,0.8787551992658851,0.42894427019011616,0.13830384719914582,27.721477011079028,1
intra_candle_vwap_deviation+micro_price_acceleration+tte_range_asymmetry,3,intra_candle_vwap_deviation+micro_price_acceleration+tte_range_asymmetry,7day_logistic_enhanced,0.8049707602339181,0.8818569419311681,0.4286468833768665,0.137524187508967,27.89512610765802,1
intra_candle_vwap_deviation+micro_price_acceleration+tte_range_asymmetry,3,intra_candle_vwap_deviation+micro_price_acceleration+tte_range_asymmetry,polymarket,0.8140350877192982,0.9044599409963723,0.3867321282203763,0.12612084260757303,26.52058958687828,1
intra_candle_vwap_deviation+micro_price_acceleration+vwap,3,intra_candle_vwap_deviation+micro_price_acceleration+vwap,7day_logistic_baseline,0.7618870728083209,0.8395897631284727,0.49844469688197474,0.16193108540412954,30.600839315559767,1
intra_candle_vwap_deviation+micro_price_acceleration+vwap,3,intra_candle_vwap_deviation+micro_price_acceleration+vwap,7day_logistic_enhanced,0.7659732540861813,0.8440669286763904,0.4852850875407359,0.15986387321665366,31.50784049598859,1
intra_candle_vwap_deviation+micro_price_acceleration+vwap,3,intra_candle_vwap_deviation+micro_price_acceleration+vwap,polymarket,0.8149331352154532,0.9055702218651295,0.38480867250724216,0.12539476623978618,26.401542722955607,1
intra_candle_vwap_deviation+micro_acceleration_decay_15s+tte_range_asymmetry,3,intra_candle_vwap_deviation+micro_acceleration_decay_15s+tte_range_asymmetry,7day_logistic_baseline,0.803654970760234,0.8787471377237293,0.428946906298628,0.13830533275893167,27.721688268307048,1
intra_candle_vwap_deviation+micro_acceleration_decay_15s+tte_range_asymmetry,3,intra_candle_vwap_deviation+micro_acceleration_decay_15s+tte_range_asymmetry,7day_logistic_enhanced,0.8049707602339181,0.8818482157405898,0.4286509197024673,0.13752411146522367,27.893652836398374,1
intra_candle_vwap_deviation+micro_acceleration_decay_15s+tte_range_asymmetry,3,intra_candle_vwap_deviation+micro_acceleration_decay_15s+tte_range_asymmetry,polymarket,0.8140350877192982,0.9044599409963723,0.3867321282203763,0.12612084260757303,26.52058958687828,1
intra_candle_vwap_deviation+micro_acceleration_decay_15s+vwap,3,intra_candle_vwap_deviation+micro_acceleration_decay_15s+vwap,7day_logistic_baseline,0.7618127786032689,0.8395890767522697,0.4984426290000907,0.16193020393906984,30.600736218848706,1
intra_candle_vwap_deviation+micro_acceleration_decay_15s+vwap,3,intra_candle_vwap_deviation+micro_acceleration_decay_15s+vwap,7day_logistic_enhanced,0.7658989598811293,0.844062677572166,0.4852888189249844,0.15986459535414071,31.508199167674917,1
intra_candle_vwap_deviation+micro_acceleration_decay_15s+vwap,3,intra_candle_vwap_deviation+micro_acceleration_decay_15s+vwap,polymarket,0.8149331352154532,0.9055702218651295,0.38480867250724216,0.12539476623978618,26.401542722955607,1
intra_candle_vwap_deviation+tte_range_asymmetry+vwap,3,intra_candle_vwap_deviation+tte_range_asymmetry+vwap,7day_logistic_baseline,0.8029717682020803,0.8801950264914644,0.427990272743543,0.13798189407770098,27.488831116789964,1
intra_candle_vwap_deviation+tte_range_asymmetry+vwap,3,intra_candle_vwap_deviation+tte_range_asymmetry+vwap,7day_logistic_enhanced,0.8054234769687965,0.8828389697661467,0.4282184826438797,0.1373300516499324,27.679129248835714,1
intra_candle_vwap_deviation+tte_range_asymmetry+vwap,3,intra_candle_vwap_deviation+tte_range_asymmetry+vwap,polymarket,0.8149331352154532,0.9055702218651295,0.38480867250724216,0.12539476623978618,26.401542722955607,1
tick_entropy_10s+micro_price_acceleration+micro_acceleration_decay_15s,3,tick_entropy_10s+micro_price_acceleration+micro_acceleration_decay_15s,7day_logistic_baseline,0.4722222222222222,0.5269093633954529,0.6938627558558879,0.2503577714827125,50.031969068503614,1
tick_entropy_10s+micro_price_acceleration+micro_acceleration_decay_15s,3,tick_entropy_10s+micro_price_acceleration+micro_acceleration_decay_15s,7day_logistic_enhanced,0.4722222222222222,0.5122073938920955,0.6957170290518436,0.25128431089977266,50.09730569857568,1
tick_entropy_10s+micro_price_acceleration+micro_acceleration_decay_15s,3,tick_entropy_10s+micro_price_acceleration+micro_acceleration_decay_15s,polymarket,0.8140350877192982,0.9044599409963723,0.3867321282203763,0.12612084260757303,26.52058958687828,1
tick_entropy_10s+micro_price_acceleration+tte_range_asymmetry,3,tick_entropy_10s+micro_price_acceleration+tte_range_asymmetry,7day_logistic_baseline,0.7904239766081871,0.8548166856770408,0.4666835716323565,0.15215084654303376,31.47267408803668,1
tick_entropy_10s+micro_price_acceleration+tte_range_asymmetry,3,tick_entropy_10s+micro_price_acceleration+tte_range_asymmetry,7day_logistic_enhanced,0.7904239766081871,0.8547995870603672,0.47077342941724976,0.15311809702104445,31.019486280367076,1
tick_entropy_10s+micro_price_acceleration+tte_range_asymmetry,3,tick_entropy_10s+micro_price_acceleration+tte_range_asymmetry,polymarket,0.8140350877192982,0.9044599409963723,0.3867321282203763,0.12612084260757303,26.52058958687828,1
tick_entropy_10s+micro_price_acceleration+vwap,3,tick_entropy_10s+micro_price_acceleration+vwap,7day_logistic_baseline,0.4807578008915305,0.501431492924037,0.6929230410326819,0.24988893308364143,49.93091227872875,1
tick_entropy_10s+micro_price_acceleration+vwap,3,tick_entropy_10s+micro_price_acceleration+vwap,7day_logistic_enhanced,0.47340267459138186,0.5072648935665206,0.6955171818330619,0.2511844283387326,50.08889730933751,1
tick_entropy_10s+micro_price_acceleration+vwap,3,tick_entropy_10s+micro_price_acceleration+vwap,polymarket,0.8149331352154532,0.9055702218651295,0.38480867250724216,0.12539476623978618,26.401542722955607,1
tick_entropy_10s+micro_acceleration_decay_15s+tte_range_asymmetry,3,tick_entropy_10s+micro_acceleration_decay_15s+tte_range_asymmetry,7day_logistic_baseline,0.7904239766081871,0.8547447857259247,0.4666829101027934,0.15215097659600554,31.472697851122057,1
tick_entropy_10s+micro_acceleration_decay_15s+tte_range_asymmetry,3,tick_entropy_10s+micro_acceleration_decay_15s+tte_range_asymmetry,7day_logistic_enhanced,0.7904239766081871,0.8547727545603457,0.4707675319824714,0.1531156566325942,31.017761775990238,1
tick_entropy_10s+micro_acceleration_decay_15s+tte_range_asymmetry,3,tick_entropy_10s+micro_acceleration_decay_15s+tte_range_asymmetry,polymarket,0.8140350877192982,0.9044599409963723,0.3867321282203763,0.12612084260757303,26.52058958687828,1
tick_entropy_10s+micro_acceleration_decay_15s+vwap,3,tick_entropy_10s+micro_acceleration_decay_15s+vwap,7day_logistic_baseline,0.48046062407132245,0.5013970191257179,0.6929302601086005,0.24989252812882792,49.931390498500086,1
tick_entropy_10s+micro_acceleration_decay_15s+vwap,3,tick_entropy_10s+micro_acceleration_decay_15s+vwap,7day_logistic_enhanced,0.47340267459138186,0.5072944520255803,0.6955196790343415,0.25118567625714944,50.08898308785072,1
tick_entropy_10s+micro_acceleration_decay_15s+vwap,3,tick_entropy_10s+micro_acceleration_decay_15s+vwap,polymarket,0.8149331352154532,0.9055702218651295,0.38480867250724216,0.12539476623978618,26.401542722955607,1
tick_entropy_10s+tte_range_asymmetry+vwap,3,tick_entropy_10s+tte_range_asymmetry+vwap,7day_logistic_baseline,0.7919019316493313,0.8594716019152642,0.4652610091842948,0.15145252186619734,31.19183479084025,1
tick_entropy_10s+tte_range_asymmetry+vwap,3,tick_entropy_10s+tte_range_asymmetry+vwap,7day_logistic_enhanced,0.7919019316493313,0.8568360280020235,0.4696256581737463,0.15249412102081608,30.705269141425408,1
tick_entropy_10s+tte_range_asymmetry+vwap,3,tick_entropy_10s+tte_range_asymmetry+vwap,polymarket,0.8149331352154532,0.9055702218651295,0.38480867250724216,0.12539476623978618,26.401542722955607,1
micro_price_acceleration+micro_acceleration_decay_15s+tte_range_asymmetry,3,micro_price_acceleration+micro_acceleration_decay_15s+tte_range_asymmetry,7day_logistic_baseline,0.7904970760233918,0.855695597454611,0.46637280659141217,0.1520457300837682,31.455523712136895,1
micro_price_acceleration+micro_acceleration_decay_15s+tte_range_asymmetry,3,micro_price_acceleration+micro_acceleration_decay_15s+tte_range_asymmetry,7day_logistic_enhanced,0.7904970760233918,0.855037070229754,0.47071363555490053,0.1530903348445481,31.016062515152115,1
micro_price_acceleration+micro_acceleration_decay_15s+tte_range_asymmetry,3,micro_price_acceleration+micro_acceleration_decay_15s+tte_range_asymmetry,polymarket,0.8140350877192982,0.9044599409963723,0.3867321282203763,0.12612084260757303,26.52058958687828,1
micro_price_acceleration+micro_acceleration_decay_15s+vwap,3,micro_price_acceleration+micro_acceleration_decay_15s+vwap,7day_logistic_baseline,0.500520059435364,0.5230618197347594,0.6913610495461374,0.24911065669747692,49.83393871096532,1
micro_price_acceleration+micro_acceleration_decay_15s+vwap,3,micro_price_acceleration+micro_acceleration_decay_15s+vwap,7day_logistic_enhanced,0.47340267459138186,0.5042698799346463,0.6955225001015128,0.2511870848238087,50.089129953961276,1
micro_price_acceleration+micro_acceleration_decay_15s+vwap,3,micro_price_acceleration+micro_acceleration_decay_15s+vwap,polymarket,0.8149331352154532,0.9055702218651295,0.38480867250724216,0.12539476623978618,26.401542722955607,1
micro_price_acceleration+tte_range_asymmetry+vwap,3,micro_price_acceleration+tte_range_asymmetry+vwap,7day_logistic_baseline,0.7919019316493313,0.8595398188533637,0.464965297151357,0.15136195267950378,31.177086913708845,1
micro_price_acceleration+tte_range_asymmetry+vwap,3,micro_price_acceleration+tte_range_asymmetry+vwap,7day_logistic_enhanced,0.7919019316493313,0.8569880049780432,0.4696090940769668,0.15248821832429815,30.704795069808526,1
micro_price_acceleration+tte_range_asymmetry+vwap,3,micro_price_acceleration+tte_range_asymmetry+vwap,polymarket,0.8149331352154532,0.9055702218651295,0.38480867250724216,0.12539476623978618,26.401542722955607,1
micro_acceleration_decay_15s+tte_range_asymmetry+vwap,3,micro_acceleration_decay_15s+tte_range_asymmetry+vwap,7day_logistic_baseline,0.7919019316493313,0.8595957695844829,0.4649668372881118,0.1513626325484217,31.17713495313187,1
micro_acceleration_decay_15s+tte_range_asymmetry+vwap,3,micro_acceleration_decay_15s+tte_range_asymmetry+vwap,7day_logistic_enhanced,0.7919019316493313,0.856947619487912,0.46961257873710943,0.15248948366269838,30.705149197993826,1
micro_acceleration_decay_15s+tte_range_asymmetry+vwap,3,micro_acceleration_decay_15s+tte_range_asymmetry+vwap,polymarket,0.8149331352154532,0.9055702218651295,0.38480867250724216,0.12539476623978618,26.401542722955607,1
intra_candle_vwap_deviation+tick_entropy_10s+micro_price_acceleration+micro_acceleration_decay_15s,4,intra_candle_vwap_deviation+tick_entropy_10s+micro_price_acceleration+micro_acceleration_decay_15s,7day_logistic_baseline,0.7613304093567251,0.8375487337375539,0.5015531615674421,0.163276508108921,30.863417471097943,1
intra_candle_vwap_deviation+tick_entropy_10s+micro_price_acceleration+micro_acceleration_decay_15s,4,intra_candle_vwap_deviation+tick_entropy_10s+micro_price_acceleration+micro_acceleration_decay_15s,7day_logistic_enhanced,0.7637426900584795,0.8418019476342805,0.4885994403021118,0.1611902724393257,31.740758886291644,1
intra_candle_vwap_deviation+tick_entropy_10s+micro_price_acceleration+micro_acceleration_decay_15s,4,intra_candle_vwap_deviation+tick_entropy_10s+micro_price_acceleration+micro_acceleration_decay_15s,polymarket,0.8140350877192982,0.9044599409963723,0.3867321282203763,0.12612084260757303,26.52058958687828,1
intra_candle_vwap_deviation+tick_entropy_10s+micro_price_acceleration+tte_range_asymmetry,4,intra_candle_vwap_deviation+tick_entropy_10s+micro_price_acceleration+tte_range_asymmetry,7day_logistic_baseline,0.8033625730994152,0.8786610979134328,0.4290674961646661,0.1383472891210211,27.72656721863464,1
intra_candle_vwap_deviation+tick_entropy_10s+micro_price_acceleration+tte_range_asymmetry,4,intra_candle_vwap_deviation+tick_entropy_10s+micro_price_acceleration+tte_range_asymmetry,7day_logistic_enhanced,0.8048245614035088,0.8819160527602207,0.4285687569015751,0.13749297989650847,27.892832020491724,1
intra_candle_vwap_deviation+tick_entropy_10s+micro_price_acceleration+tte_range_asymmetry,4,intra_candle_vwap_deviation+tick_entropy_10s+micro_price_acceleration+tte_range_asymmetry,polymarket,0.8140350877192982,0.9044599409963723,0.3867321282203763,0.12612084260757303,26.52058958687828,1
intra_candle_vwap_deviation+tick_entropy_10s+micro_price_acceleration+vwap,4,intra_candle_vwap_deviation+tick_entropy_10s+micro_price_acceleration+vwap,7day_logistic_baseline,0.7613670133729569,0.839527723576199,0.4985786900545914,0.16195925390916893,30.604229970454977,1
intra_candle_vwap_deviation+tick_entropy_10s+micro_price_acceleration+vwap,4,intra_candle_vwap_deviation+tick_entropy_10s+micro_price_acceleration+vwap,7day_logistic_enhanced,0.7650074294205051,0.8439847849437225,0.4853446862813753,0.15988508959597444,31.512219540824155,1
intra_candle_vwap_deviation+tick_entropy_10s+micro_price_acceleration+vwap,4,intra_candle_vwap_deviation+tick_entropy_10s+micro_price_acceleration+vwap,polymarket,0.8149331352154532,0.9055702218651295,0.38480867250724216,0.12539476623978618,26.401542722955607,1
intra_candle_vwap_deviation+tick_entropy_10s+micro_acceleration_decay_15s+tte_range_asymmetry,4,intra_candle_vwap_deviation+tick_entropy_10s+micro_acceleration_decay_15s+tte_range_asymmetry,7day_logistic_baseline,0.8035087719298246,0.8786603046233801,0.42906640389121603,0.13834741053517377,27.72664061611892,1
intra_candle_vwap_deviation+tick_entropy_10s+micro_acceleration_decay_15s+tte_range_asymmetry,4,intra_candle_vwap_deviation+tick_entropy_10s+micro_acceleration_decay_15s+tte_range_asymmetry,7day_logistic_enhanced,0.8048976608187135,0.8819045607745941,0.4285664501766216,0.13749039060610396,27.891185035906176,1
intra_candle_vwap_deviation+tick_entropy_10s+micro_acceleration_decay_15s+tte_range_asymmetry,4,intra_candle_vwap_deviation+tick_entropy_10s+micro_acceleration_decay_15s+tte_range_asymmetry,polymarket,0.8140350877192982,0.9044599409963723,0.3867321282203763,0.12612084260757303,26.52058958687828,1
intra_candle_vwap_deviation+tick_entropy_10s+micro_acceleration_decay_15s+vwap,4,intra_candle_vwap_deviation+tick_entropy_10s+micro_acceleration_decay_15s+vwap,7day_logistic_baseline,0.7614413075780089,0.8395283656700661,0.4985783246827914,0.16195822319975828,30.604168795894832,1
intra_candle_vwap_deviation+tick_entropy_10s+micro_acceleration_decay_15s+vwap,4,intra_candle_vwap_deviation+tick_entropy_10s+micro_acceleration_decay_15s+vwap,7day_logistic_enhanced,0.7650074294205051,0.8439909180472127,0.48534640495564185,0.15988510762595604,31.51243502642857,1
intra_candle_vwap_deviation+tick_entropy_10s+micro_acceleration_decay_15s+vwap,4,intra_candle_vwap_deviation+tick_entropy_10s+micro_acceleration_decay_15s+vwap,polymarket,0.8149331352154532,0.9055702218651295,0.38480867250724216,0.12539476623978618,26.401542722955607,1
intra_candle_vwap_deviation+tick_entropy_10s+tte_range_asymmetry+vwap,4,intra_candle_vwap_deviation+tick_entropy_10s+tte_range_asymmetry+vwap,7day_logistic_baseline,0.8026002971768202,0.880091494390668,0.4281680504529498,0.13804344704283547,27.496084755475884,1
intra_candle_vwap_deviation+tick_entropy_10s+tte_range_asymmetry+vwap,4,intra_candle_vwap_deviation+tick_entropy_10s+tte_range_asymmetry+vwap,7day_logistic_enhanced,0.8053491827637445,0.8828451692931405,0.42821132527310857,0.13732716440641912,27.678869780877257,1
intra_candle_vwap_deviation+tick_entropy_10s+tte_range_asymmetry+vwap,4,intra_candle_vwap_deviation+tick_entropy_10s+tte_range_asymmetry+vwap,polymarket,0.8149331352154532,0.9055702218651295,0.38480867250724216,0.12539476623978618,26.401542722955607,1
intra_candle_vwap_deviation+micro_price_acceleration+micro_acceleration_decay_15s+tte_range_asymmetry,4,intra_candle_vwap_deviation+micro_price_acceleration+micro_acceleration_decay_15s+tte_range_asymmetry,7day_logistic_baseline,0.8033625730994152,0.8788068274401174,0.42891545675372944,0.13828751806674636,27.719689107268707,1
intra_candle_vwap_deviation+micro_price_acceleration+micro_acceleration_decay_15s+tte_range_asymmetry,4,intra_candle_vwap_deviation+micro_price_acceleration+micro_acceleration_decay_15s+tte_range_asymmetry,7day_logistic_enhanced,0.8040204678362574,0.8818677049475572,0.42864029246455293,0.13752126779106638,27.892315866081063,1
intra_candle_vwap_deviation+micro_price_acceleration+micro_acceleration_decay_15s+tte_range_asymmetry,4,intra_candle_vwap_deviation+micro_price_acceleration+micro_acceleration_decay_15s+tte_range_asymmetry,polymarket,0.8140350877192982,0.9044599409963723,0.3867321282203763,0.12612084260757303,26.52058958687828,1
intra_candle_vwap_deviation+micro_price_acceleration+micro_acceleration_decay_15s+vwap,4,intra_candle_vwap_deviation+micro_price_acceleration+micro_acceleration_decay_15s+vwap,7day_logistic_baseline,0.7618127786032689,0.8395887667759201,0.4984446627274665,0.16193134757202343,30.60061728603615,1
intra_candle_vwap_deviation+micro_price_acceleration+micro_acceleration_decay_15s+vwap,4,intra_candle_vwap_deviation+micro_price_acceleration+micro_acceleration_decay_15s+vwap,7day_logistic_enhanced,0.7659732540861813,0.8440648474066139,0.4852843551038589,0.15986287902897925,31.50810660437854,1
intra_candle_vwap_deviation+micro_price_acceleration+micro_acceleration_decay_15s+vwap,4,intra_candle_vwap_deviation+micro_price_acceleration+micro_acceleration_decay_15s+vwap,polymarket,0.8149331352154532,0.9055702218651295,0.38480867250724216,0.12539476623978618,26.401542722955607,1
intra_candle_vwap_deviation+micro_price_acceleration+tte_range_asymmetry+vwap,4,intra_candle_vwap_deviation+micro_price_acceleration+tte_range_asymmetry+vwap,7day_logistic_baseline,0.8028231797919763,0.8801711583125382,0.4279751146331129,0.13797679642038577,27.488160691979836,1
intra_candle_vwap_deviation+micro_price_acceleration+tte_range_asymmetry+vwap,4,intra_candle_vwap_deviation+micro_price_acceleration+tte_range_asymmetry+vwap,7day_logistic_enhanced,0.8059435364041605,0.8828598488874152,0.42820220013264526,0.13732257099378326,27.67825541786278,1
intra_candle_vwap_deviation+micro_price_acceleration+tte_range_asymmetry+vwap,4,intra_candle_vwap_deviation+micro_price_acceleration+tte_range_asymmetry+vwap,polymarket,0.8149331352154532,0.9055702218651295,0.38480867250724216,0.12539476623978618,26.401542722955607,1
intra_candle_vwap_deviation+micro_acceleration_decay_15s+tte_range_asymmetry+vwap,4,intra_candle_vwap_deviation+micro_acceleration_decay_15s+tte_range_asymmetry+vwap,7day_logistic_baseline,0.8027488855869243,0.8801743909230422,0.4279757832854757,0.1379762463639306,27.48804787981217,1
intra_candle_vwap_deviation+micro_acceleration_decay_15s+tte_range_asymmetry+vwap,4,intra_candle_vwap_deviation+micro_acceleration_decay_15s+tte_range_asymmetry+vwap,7day_logistic_enhanced,0.8057949479940565,0.8828540700426102,0.42820693053052583,0.13732404976053797,27.678692126853356,1
intra_candle_vwap_deviation+micro_acceleration_decay_15s+tte_range_asymmetry+vwap,4,intra_candle_vwap_deviation+micro_acceleration_decay_15s+tte_range_asymmetry+vwap,polymarket,0.8149331352154532,0.9055702218651295,0.38480867250724216,0.12539476623978618,26.401542722955607,1
tick_entropy_10s+micro_price_acceleration+micro_acceleration_decay_15s+tte_range_asymmetry,4,tick_entropy_10s+micro_price_acceleration+micro_acceleration_decay_15s+tte_range_asymmetry,7day_logistic_baseline,0.7904970760233918,0.855601817706234,0.4665740062070016,0.1521101283091035,31.4672494716329,1
tick_entropy_10s+micro_price_acceleration+micro_acceleration_decay_15s+tte_range_asymmetry,4,tick_entropy_10s+micro_price_acceleration+micro_acceleration_decay_15s+tte_range_asymmetry,7day_logistic_enhanced,0.7904970760233918,0.8550746121454851,0.4706886874279322,0.1530805639597999,31.014682015575897,1
tick_entropy_10s+micro_price_acceleration+micro_acceleration_decay_15s+tte_range_asymmetry,4,tick_entropy_10s+micro_price_acceleration+micro_acceleration_decay_15s+tte_range_asymmetry,polymarket,0.8140350877192982,0.9044599409963723,0.3867321282203763,0.12612084260757303,26.52058958687828,1
tick_entropy_10s+micro_price_acceleration+micro_acceleration_decay_15s+vwap,4,tick_entropy_10s+micro_price_acceleration+micro_acceleration_decay_15s+vwap,7day_logistic_baseline,0.48068350668647847,0.5014104588145938,0.692929198592469,0.24989199795285655,49.931347204331175,1
tick_entropy_10s+micro_price_acceleration+micro_acceleration_decay_15s+vwap,4,tick_entropy_10s+micro_price_acceleration+micro_acceleration_decay_15s+vwap,7day_logistic_enhanced,0.47340267459138186,0.5073026663988471,0.6955196245293039,0.2511856490388105,50.08898087592212,1
tick_entropy_10s+micro_price_acceleration+micro_acceleration_decay_15s+vwap,4,tick_entropy_10s+micro_price_acceleration+micro_acceleration_decay_15s+vwap,polymarket,0.8149331352154532,0.9055702218651295,0.38480867250724216,0.12539476623978618,26.401542722955607,1
tick_entropy_10s+micro_price_acceleration+tte_range_asymmetry+vwap,4,tick_entropy_10s+micro_price_acceleration+tte_range_asymmetry+vwap,7day_logistic_baseline,0.7919019316493313,0.859250323083921,0.4652547571187273,0.15145044318570086,31.191674349882437,1
tick_entropy_10s+micro_price_acceleration+tte_range_asymmetry+vwap,4,tick_entropy_10s+micro_price_acceleration+tte_range_asymmetry+vwap,7day_logistic_enhanced,0.7919019316493313,0.8569782628641955,0.4696198878707276,0.15249195124143217,30.705245309673302,1
tick_entropy_10s+micro_price_acceleration+tte_range_asymmetry+vwap,4,tick_entropy_10s+micro_price_acceleration+tte_range_asymmetry+vwap,polymarket,0.8149331352154532,0.9055702218651295,0.38480867250724216,0.12539476623978618,26.401542722955607,1
tick_entropy_10s+micro_acceleration_decay_15s+tte_range_asymmetry+vwap,4,tick_entropy_10s+micro_acceleration_decay_15s+tte_range_asymmetry+vwap,7day_logistic_baseline,0.7919019316493313,0.859336363662128,0.46525183914021967,0.15144962322529915,31.191537491301258,1
tick_entropy_10s+micro_acceleration_decay_15s+tte_range_asymmetry+vwap,4,tick_entropy_10s+micro_acceleration_decay_15s+tte_range_asymmetry+vwap,7day_logistic_enhanced,0.7919019316493313,0.8569454496534641,0.4696192228176874,0.15249178322600862,30.70543245739394,1
tick_entropy_10s+micro_acceleration_decay_15s+tte_range_asymmetry+vwap,4,tick_entropy_10s+micro_acceleration_decay_15s+tte_range_asymmetry+vwap,polymarket,0.8149331352154532,0.9055702218651295,0.38480867250724216,0.12539476623978618,26.401542722955607,1
micro_price_acceleration+micro_acceleration_decay_15s+tte_range_asymmetry+vwap,4,micro_price_acceleration+micro_acceleration_decay_15s+tte_range_asymmetry+vwap,7day_logistic_baseline,0.7919762258543833,0.8592779995437149,0.46487396741495035,0.15132862300558958,31.17123975408959,1
micro_price_acceleration+micro_acceleration_decay_15s+tte_range_asymmetry+vwap,4,micro_price_acceleration+micro_acceleration_decay_15s+tte_range_asymmetry+vwap,7day_logistic_enhanced,0.7918276374442793,0.8571130582939752,0.46952477200212556,0.1524509403443865,30.701315233849012,1
micro_price_acceleration+micro_acceleration_decay_15s+tte_range_asymmetry+vwap,4,micro_price_acceleration+micro_acceleration_decay_15s+tte_range_asymmetry+vwap,polymarket,0.8149331352154532,0.9055702218651295,0.38480867250724216,0.12539476623978618,26.401542722955607,1
intra_candle_vwap_deviation+tick_entropy_10s+micro_price_acceleration+micro_acceleration_decay_15s+tte_range_asymmetry,5,intra_candle_vwap_deviation+tick_entropy_10s+micro_price_acceleration+micro_acceleration_decay_15s+tte_range_asymmetry,7day_logistic_baseline,0.8032163742690058,0.8787269409877962,0.42903558595162977,0.138329748449325,27.724688027367716,1
intra_candle_vwap_deviation+tick_entropy_10s+micro_price_acceleration+micro_acceleration_decay_15s+tte_range_asymmetry,5,intra_candle_vwap_deviation+tick_entropy_10s+micro_price_acceleration+micro_acceleration_decay_15s+tte_range_asymmetry,7day_logistic_enhanced,0.804093567251462,0.8819349845201239,0.4285595171704839,0.13748930692271982,27.889999023847743,1
intra_candle_vwap_deviation+tick_entropy_10s+micro_price_acceleration+micro_acceleration_decay_15s+tte_range_asymmetry,5,intra_candle_vwap_deviation+tick_entropy_10s+micro_price_acceleration+micro_acceleration_decay_15s+tte_range_asymmetry,polymarket,0.8140350877192982,0.9044599409963723,0.3867321282203763,0.12612084260757303,26.52058958687828,1
intra_candle_vwap_deviation+tick_entropy_10s+micro_price_acceleration+micro_acceleration_decay_15s+vwap,5,intra_candle_vwap_deviation+tick_entropy_10s+micro_price_acceleration+micro_acceleration_decay_15s+vwap,7day_logistic_baseline,0.7613670133729569,0.8395321075274302,0.4985726377366707,0.16195747440064978,30.603946517008445,1
intra_candle_vwap_deviation+tick_entropy_10s+micro_price_acceleration+micro_acceleration_decay_15s+vwap,5,intra_candle_vwap_deviation+tick_entropy_10s+micro_price_acceleration+micro_acceleration_decay_15s+vwap,7day_logistic_enhanced,0.7651560178306092,0.8439951248691014,0.4853396584016594,0.15988223712698574,31.51204661494933,1
intra_candle_vwap_deviation+tick_entropy_10s+micro_price_acceleration+micro_acceleration_decay_15s+vwap,5,intra_candle_vwap_deviation+tick_entropy_10s+micro_price_acceleration+micro_acceleration_decay_15s+vwap,polymarket,0.8149331352154532,0.9055702218651295,0.38480867250724216,0.12539476623978618,26.401542722955607,1
intra_candle_vwap_deviation+tick_entropy_10s+micro_price_acceleration+tte_range_asymmetry+vwap,5,intra_candle_vwap_deviation+tick_entropy_10s+micro_price_acceleration+tte_range_asymmetry+vwap,7day_logistic_baseline,0.8028974739970283,0.8800786082309882,0.4281512879504042,0.13803641744575706,27.49520767924178,1
intra_candle_vwap_deviation+tick_entropy_10s+micro_price_acceleration+tte_range_asymmetry+vwap,5,intra_candle_vwap_deviation+tick_entropy_10s+micro_price_acceleration+tte_range_asymmetry+vwap,7day_logistic_enhanced,0.8059435364041605,0.8828639892858003,0.42819419153381694,0.13731944380706582,27.678008012044753,1
intra_candle_vwap_deviation+tick_entropy_10s+micro_price_acceleration+tte_range_asymmetry+vwap,5,intra_candle_vwap_deviation+tick_entropy_10s+micro_price_acceleration+tte_range_asymmetry+vwap,polymarket,0.8149331352154532,0.9055702218651295,0.38480867250724216,0.12539476623978618,26.401542722955607,1
intra_candle_vwap_deviation+tick_entropy_10s+micro_acceleration_decay_15s+tte_range_asymmetry+vwap,5,intra_candle_vwap_deviation+tick_entropy_10s+micro_acceleration_decay_15s+tte_range_asymmetry+vwap,7day_logistic_baseline,0.8028974739970283,0.8800842099464503,0.4281485338934655,0.1380359910709678,27.495149120910785,1
intra_candle_vwap_deviation+tick_entropy_10s+micro_acceleration_decay_15s+tte_range_asymmetry+vwap,5,intra_candle_vwap_deviation+tick_entropy_10s+micro_acceleration_decay_15s+tte_range_asymmetry+vwap,7day_logistic_enhanced,0.8057949479940565,0.8828610223693103,0.4281936680343999,0.1373188695102231,27.67828306341165,1
intra_candle_vwap_deviation+tick_entropy_10s+micro_acceleration_decay_15s+tte_range_asymmetry+vwap,5,intra_candle_vwap_deviation+tick_entropy_10s+micro_acceleration_decay_15s+tte_range_asymmetry+vwap,polymarket,0.8149331352154532,0.9055702218651295,0.38480867250724216,0.12539476623978618,26.401542722955607,1
intra_candle_vwap_deviation+micro_price_acceleration+micro_acceleration_decay_15s+tte_range_asymmetry+vwap,5,intra_candle_vwap_deviation+micro_price_acceleration+micro_acceleration_decay_15s+tte_range_asymmetry+vwap,7day_logistic_baseline,0.8037147102526003,0.8802259355617621,0.42795499462518044,0.13796219049758138,27.486543729921898,1
intra_candle_vwap_deviation+micro_price_acceleration+micro_acceleration_decay_15s+tte_range_asymmetry+vwap,5,intra_candle_vwap_deviation+micro_price_acceleration+micro_acceleration_decay_15s+tte_range_asymmetry+vwap,7day_logistic_enhanced,0.8054234769687965,0.8828560848888832,0.42819676485200364,0.13732263077698445,27.677539989769766,1
intra_candle_vwap_deviation+micro_price_acceleration+micro_acceleration_decay_15s+tte_range_asymmetry+vwap,5,intra_candle_vwap_deviation+micro_price_acceleration+micro_acceleration_decay_15s+tte_range_asymmetry+vwap,polymarket,0.8149331352154532,0.9055702218651295,0.38480867250724216,0.12539476623978618,26.401542722955607,1
tick_entropy_10s+micro_price_acceleration+micro_acceleration_decay_15s+tte_range_asymmetry+vwap,5,tick_entropy_10s+micro_price_acceleration+micro_acceleration_decay_15s+tte_range_asymmetry+vwap,7day_logistic_baseline,0.7919019316493313,0.8590655771795058,0.4651511017632446,0.1514145684587882,31.186554179809878,1
tick_entropy_10s+micro_price_acceleration+micro_acceleration_decay_15s+tte_range_asymmetry+vwap,5,tick_entropy_10s+micro_price_acceleration+micro_acceleration_decay_15s+tte_range_asymmetry+vwap,7day_logistic_enhanced,0.7918276374442793,0.8570935519251125,0.469551804130958,0.15246012280385357,30.70235169843646,1
tick_entropy_10s+micro_price_acceleration+micro_acceleration_decay_15s+tte_range_asymmetry+vwap,5,tick_entropy_10s+micro_price_acceleration+micro_acceleration_decay_15s+tte_range_asymmetry+vwap,polymarket,0.8149331352154532,0.9055702218651295,0.38480867250724216,0.12539476623978618,26.401542722955607,1
intra_candle_vwap_deviation+tick_entropy_10s+micro_price_acceleration+micro_acceleration_decay_15s+tte_range_asymmetry+vwap,6,intra_candle_vwap_deviation+tick_entropy_10s+micro_price_acceleration+micro_acceleration_decay_15s+tte_range_asymmetry+vwap,7day_logistic_baseline,0.8037147102526003,0.8801344261151001,0.4281226117812257,0.13801901028766828,27.49338168314834,1
intra_candle_vwap_deviation+tick_entropy_10s+micro_price_acceleration+micro_acceleration_decay_15s+tte_range_asymmetry+vwap,6,intra_candle_vwap_deviation+tick_entropy_10s+micro_price_acceleration+micro_acceleration_decay_15s+tte_range_asymmetry+vwap,7day_logistic_enhanced,0.8054234769687965,0.8828648970736814,0.42818581559413527,0.137318335630163,27.677171206944422,1
intra_candle_vwap_deviation+tick_entropy_10s+micro_price_acceleration+micro_acceleration_decay_15s+tte_range_asymmetry+vwap,6,intra_candle_vwap_deviation+tick_entropy_10s+micro_price_acceleration+micro_acceleration_decay_15s+tte_range_asymmetry+vwap,polymarket,0.8149331352154532,0.9055702218651295,0.38480867250724216,0.12539476623978618,26.401542722955607,1
